Category_ID,Holiday
c01,BF
c01,BF1
c01,BFM1
c01,BFM2
c01,BTS
c01,BTS1
c01,BTSM1
c01,BTSM2
c01,BTSM3
c01,E
c01,E1
c01,EM1
c01,EM2
c01,EM3
c01,EM4
c01,FD
c01,FOURTH
c01,FOURTHM1
c01,HALL
c01,HALL1
c01,HALLM1
c01,HALLM2
c01,LD
c01,MD
c01,MMD
c01,SB
c01,TKD
c01,VAL
c01,XMAS
c01,XMAS1
c01,XMASM1
c01,XMASM2
c01,XMASM3
c01,OUT
c02,BF
c02,BF1
c02,BFM1
c02,BFM2
c02,BTS
c02,BTS1
c02,BTSM1
c02,BTSM2
c02,BTSM3
c02,E
c02,E1
c02,EM1
c02,EM2
c02,EM3
c02,EM4
c02,FD
c02,FOURTH
c02,FOURTHM1
c02,HALL
c02,HALL1
c02,HALLM1
c02,HALLM2
c02,LD
c02,MD
c02,MMD
c02,SB
c02,TKD
c02,VAL
c02,XMAS
c02,XMAS1
c02,XMASM1
c02,XMASM2
c02,XMASM3
c02,OUT
c03,BF
c03,BF1
c03,BFM1
c03,BFM2
c03,BTS
c03,BTS1
c03,BTSM1
c03,BTSM2
c03,BTSM3
c03,E
c03,E1
c03,EM1
c03,EM2
c03,EM3
c03,EM4
c03,FD
c03,FOURTH
c03,FOURTHM1
c03,HALL
c03,HALL1
c03,HALLM1
c03,HALLM2
c03,LD
c03,MD
c03,MMD
c03,SB
c03,TKD
c03,VAL
c03,XMAS
c03,XMAS1
c03,XMASM1
c03,XMASM2
c03,XMASM3
c04,BF
c04,BF1
c04,BFM1
c04,BFM2
c04,BTS
c04,BTS1
c04,BTSM1
c04,BTSM2
c04,BTSM3
c04,E
c04,E1
c04,EM1
c04,EM2
c04,EM3
c04,EM4
c04,FD
c04,FOURTH
c04,FOURTHM1
c04,HALL
c04,HALL1
c04,HALLM1
c04,HALLM2
c04,LD
c04,MD
c04,MMD
c04,SB
c04,TKD
c04,VAL
c04,XMAS
c04,XMAS1
c04,XMASM1
c04,XMASM2
c04,XMASM3
c04,OUT
c05,BF
c05,BF1
c05,BFM1
c05,BFM2
c05,BTS
c05,BTS1
c05,BTSM1
c05,BTSM2
c05,BTSM3
c05,E
c05,E1
c05,EM1
c05,EM2
c05,EM3
c05,EM4
c05,FD
c05,FOURTH
c05,FOURTHM1
c05,HALL
c05,HALL1
c05,HALLM1
c05,HALLM2
c05,LD
c05,MD
c05,MMD
c05,SB
c05,TKD
c05,VAL
c05,XMAS
c05,XMAS1
c05,XMASM1
c05,XMASM2
c05,XMASM3
c05,OUT
c06,BF
c06,BF1
c06,BFM1
c06,BFM2
c06,BTS
c06,BTS1
c06,BTSM1
c06,BTSM2
c06,BTSM3
c06,E
c06,E1
c06,EM1
c06,EM2
c06,EM3
c06,EM4
c06,FD
c06,FOURTH
c06,FOURTHM1
c06,HALL
c06,HALL1
c06,HALLM1
c06,HALLM2
c06,LD
c06,MD
c06,MMD
c06,SB
c06,TKD
c06,VAL
c06,XMAS
c06,XMAS1
c06,XMASM1
c06,XMASM2
c06,XMASM3
