week|Holiday|comment
2012-10-26|HALL|Halloween
2012-11-02|HALL|Halloween
2012-11-02|HALL1|1 weeks after Halloween
2012-11-09|BFM2|2 weeks before Black Friday// Thanksgiving
2012-11-09|HALL1|1 weeks after Halloween
2012-11-16|BFM1|1 weeks before Black Friday// Thanksgiving
2012-11-23|BF|Black Friday// Thanksgiving
2012-11-30|XMASM3|3 weeks before Christmas
2012-11-30|BF1|1 weeks after Black Friday// Thanksgiving
2012-12-07|XMASM2|2 weeks before Christmas
2012-12-07|XMASM3|3 weeks before Christmas
2012-12-14|XMASM1|1 weeks before Christmas
2012-12-14|XMASM2|2 weeks before Christmas
2012-12-21|XMAS|Christmas
2012-12-21|XMASM1|1 weeks before Christmas
2012-12-28|XMAS1|1 weeks after Christmas
2012-12-28|XMAS|Christmas
2013-01-04|XMAS1|1 weeks after Christmas
2013-01-04|TKD|Three kings day
2013-01-11|TKD|Three kings day
2013-02-01|SB|Super Bowl
2013-02-08|SB|Super Bowl
2013-02-08|VAL|Valentine's day
2013-02-15|VAL|Valentine's day
2013-03-01|EM4|4 weeks before Easter
2013-03-08|EM4|4 weeks before Easter
2013-03-08|EM3|3 weeks before Easter
2013-03-15|EM2|2 weeks before Easter
2013-03-15|EM3|3 weeks before Easter
2013-03-22|EM2|2 weeks before Easter
2013-03-22|EM1|1 weeks before Easter
2013-03-29|EM1|1 weeks before Easter
2013-03-29|E|Easter
2013-04-05|E|Easter
2013-04-05|E1|1 weeks after Easter
2013-04-12|E1|1 weeks after Easter
2013-05-24|MD|Mother's day
2013-05-24|MMD|Memorial day
2013-05-31|MD|Mother's day
2013-05-31|MMD|Memorial day
2013-06-14|FD|Father's day
2013-06-21|FOURTHM1|1 weeks before Fourth of July
2013-06-21|FD|Father's day
2013-06-28|FOURTH|Fourth of July
2013-06-28|FOURTHM1|1 weeks before Fourth of July
2013-07-05|FOURTH|Fourth of July
2013-08-09|BTSM3|3 weeks before Back to School
2013-08-16|BTSM3|3 weeks before Back to School
2013-08-16|BTSM2|2 weeks before Back to School
2013-08-23|BTSM2|2 weeks before Back to School
2013-08-23|BTSM1|1 weeks before Back to School
2013-08-30|BTS|Back to School
2013-08-30|LD|Labor day
2013-08-30|BTSM1|1 weeks before Back to School
2013-09-06|BTS1|1 weeks after Back to School
2013-09-06|LD|Labor day
2013-09-06|BTS|Back to School
2013-09-13|BTS1|1 weeks after Back to School
2013-10-11|HALLM2|2 weeks before Halloween
2013-10-18|HALLM1|1 weeks before Halloween
2013-10-18|HALLM2|2 weeks before Halloween
2013-10-25|HALL|Halloween
2013-10-25|HALLM1|1 weeks before Halloween
2013-11-01|HALL|Halloween
2013-11-01|HALL1|1 weeks after Halloween
2013-11-08|HALL1|1 weeks after Halloween
2013-11-15|BFM2|2 weeks before Black Friday// Thanksgiving
2013-11-22|BFM1|1 weeks before Black Friday// Thanksgiving
2013-11-29|BF|Black Friday// Thanksgiving
2013-11-29|XMASM3|3 weeks before Christmas
2013-12-06|XMASM2|2 weeks before Christmas
2013-12-06|BF1|1 weeks after Black Friday// Thanksgiving
2013-12-06|XMASM3|3 weeks before Christmas
2013-12-13|XMASM1|1 weeks before Christmas
2013-12-13|XMASM2|2 weeks before Christmas
2013-12-20|XMASM1|1 weeks before Christmas
2013-12-20|XMAS|Christmas
2013-12-27|XMAS1|1 weeks after Christmas
2013-12-27|XMAS|Christmas
2014-01-03|XMAS1|1 weeks after Christmas
2014-01-03|TKD|Three kings day
2014-01-10|TKD|Three kings day
2014-01-31|SB|Super Bowl
2014-02-07|SB|Super Bowl
2014-02-14|VAL|Valentine's day
2014-02-14|OUT|Outlier
2014-03-21|EM4|4 weeks before Easter
2014-03-28|EM4|4 weeks before Easter
2014-03-28|EM3|3 weeks before Easter
2014-04-04|EM3|3 weeks before Easter
2014-04-04|EM2|2 weeks before Easter
2014-04-11|EM2|2 weeks before Easter
2014-04-11|EM1|1 weeks before Easter
2014-04-18|EM1|1 weeks before Easter
2014-04-18|E|Easter
2014-04-25|E1|1 weeks after Easter
2014-04-25|E|Easter
2014-05-02|E1|1 weeks after Easter
2014-05-09|MD|Mother's day
2014-05-16|MD|Mother's day
2014-05-23|MMD|Memorial day
2014-05-30|MMD|Memorial day
2014-06-13|FD|Father's day
2014-06-20|FD|Father's day
2014-06-27|FOURTHM1|1 weeks before Fourth of July
2014-07-04|FOURTH|Fourth of July
2014-08-08|BTSM3|3 weeks before Back to School
2014-08-15|BTSM3|3 weeks before Back to School
2014-08-15|BTSM2|2 weeks before Back to School
2014-08-22|BTSM1|1 weeks before Back to School
2014-08-22|BTSM2|2 weeks before Back to School
2014-08-29|LD|Labor day
2014-08-29|BTS|Back to School
2014-08-29|BTSM1|1 weeks before Back to School
2014-09-05|LD|Labor day
2014-09-05|BTS|Back to School
2014-09-05|BTS1|1 weeks after Back to School
2014-09-12|BTS1|1 weeks after Back to School
2014-10-17|HALLM2|2 weeks before Halloween
2014-10-24|HALLM1|1 weeks before Halloween
2014-10-31|HALL|Halloween
2014-11-07|HALL1|1 weeks after Halloween
2014-11-14|BFM2|2 weeks before Black Friday// Thanksgiving
2014-11-21|BFM1|1 weeks before Black Friday// Thanksgiving
2014-11-28|BF|Black Friday// Thanksgiving
2014-11-28|XMASM3|3 weeks before Christmas
2014-12-05|XMASM3|3 weeks before Christmas
2014-12-05|BF1|1 weeks after Black Friday// Thanksgiving
2014-12-05|XMASM2|2 weeks before Christmas
2014-12-12|XMASM2|2 weeks before Christmas
2014-12-12|XMASM1|1 weeks before Christmas
2014-12-19|XMAS|Christmas
2014-12-19|XMASM1|1 weeks before Christmas
2014-12-26|XMAS|Christmas
2014-12-26|XMAS1|1 weeks after Christmas
2015-01-02|TKD|Three kings day
2015-01-02|XMAS1|1 weeks after Christmas
2015-01-09|TKD|Three kings day
2015-01-30|SB|Super Bowl
2015-02-06|SB|Super Bowl
2015-02-13|VAL|Valentine's day
2015-02-20|VAL|Valentine's day
2015-02-20|OUT|Outlier
2015-03-06|EM4|4 weeks before Easter
2015-03-13|EM4|4 weeks before Easter
2015-03-13|EM3|3 weeks before Easter
2015-03-20|EM2|2 weeks before Easter
2015-03-20|EM3|3 weeks before Easter
2015-03-27|EM1|1 weeks before Easter
2015-03-27|EM2|2 weeks before Easter
2015-04-03|E|Easter
2015-04-03|EM1|1 weeks before Easter
2015-04-10|E|Easter
2015-04-10|E1|1 weeks after Easter
2015-04-17|E1|1 weeks after Easter
2015-05-08|MD|Mother's day
2015-05-15|MD|Mother's day
2015-05-22|MMD|Memorial day
2015-05-29|MMD|Memorial day
2015-06-19|FD|Father's day
2015-06-26|FD|Father's day
2015-06-26|FOURTHM1|1 weeks before Fourth of July
2015-07-03|FOURTHM1|1 weeks before Fourth of July
2015-07-03|FOURTH|Fourth of July
2015-07-10|FOURTH|Fourth of July
2015-08-07|BTSM3|3 weeks before Back to School
2015-08-14|BTSM3|3 weeks before Back to School
2015-08-14|BTSM2|2 weeks before Back to School
2015-08-21|BTSM1|1 weeks before Back to School
2015-08-21|BTSM2|2 weeks before Back to School
2015-08-28|BTS|Back to School
2015-08-28|BTSM1|1 weeks before Back to School
2015-09-04|LD|Labor day
2015-09-04|BTS|Back to School
2015-09-04|BTS1|1 weeks after Back to School
2015-09-11|LD|Labor day
2015-09-11|BTS1|1 weeks after Back to School
2015-10-16|HALLM2|2 weeks before Halloween
2015-10-23|HALLM2|2 weeks before Halloween
2015-10-23|HALLM1|1 weeks before Halloween
2015-10-30|HALLM1|1 weeks before Halloween
2015-10-30|HALL|Halloween
2015-11-06|HALL1|1 weeks after Halloween
2015-11-06|HALL|Halloween
2015-11-13|HALL1|1 weeks after Halloween
2015-11-13|BFM2|2 weeks before Black Friday// Thanksgiving
2015-11-20|BFM1|1 weeks before Black Friday// Thanksgiving
2015-11-27|BF|Black Friday// Thanksgiving
2015-12-04|BF1|1 weeks after Black Friday// Thanksgiving
2015-12-04|XMASM3|3 weeks before Christmas
2015-12-11|XMASM2|2 weeks before Christmas
2015-12-18|XMASM1|1 weeks before Christmas
2015-12-25|XMAS|Christmas
2016-01-01|TKD|Three kings day
2016-01-08|TKD|Three kings day
2016-01-08|XMAS1|1 weeks after Christmas
2016-01-22|OUT|Outlier
2016-02-05|SB|Super Bowl
2016-02-12|SB|Super Bowl
2016-02-12|VAL|Valentine's day
2016-02-19|VAL|Valentine's day
2016-02-26|EM4|4 weeks before Easter
2016-03-04|EM3|3 weeks before Easter
2016-03-04|EM4|4 weeks before Easter
2016-03-11|EM2|2 weeks before Easter
2016-03-11|EM3|3 weeks before Easter
2016-03-18|EM1|1 weeks before Easter
2016-03-18|EM2|2 weeks before Easter
2016-03-25|E|Easter
2016-03-25|EM1|1 weeks before Easter
2016-04-01|E|Easter
2016-04-01|E1|1 weeks after Easter
2016-04-08|E1|1 weeks after Easter
2016-05-06|MD|Mother's day
2016-05-13|MD|Mother's day
2016-05-27|MMD|Memorial day
2016-06-03|MMD|Memorial day
2016-06-17|FD|Father's day
2016-06-24|FD|Father's day
2016-06-24|FOURTHM1|1 weeks before Fourth of July
2016-07-01|FOURTHM1|1 weeks before Fourth of July
2016-07-01|FOURTH|Fourth of July
2016-07-08|FOURTH|Fourth of July
2016-08-05|BTSM3|3 weeks before Back to School
2016-08-12|BTSM3|3 weeks before Back to School
2016-08-12|BTSM2|2 weeks before Back to School
2016-08-19|BTSM2|2 weeks before Back to School
2016-08-19|BTSM1|1 weeks before Back to School
2016-08-26|BTS|Back to School
2016-08-26|BTSM1|1 weeks before Back to School
2016-09-02|BTS|Back to School
2016-09-02|LD|Labor day
2016-09-02|BTS1|1 weeks after Back to School
2016-09-09|BTS1|1 weeks after Back to School
2016-09-09|LD|Labor day
2016-10-14|HALLM2|2 weeks before Halloween
2016-10-21|HALLM1|1 weeks before Halloween
2016-10-21|HALLM2|2 weeks before Halloween
2016-10-28|HALLM1|1 weeks before Halloween
2016-10-28|HALL|Halloween
2016-11-04|HALL1|1 weeks after Halloween
2016-11-04|HALL|Halloween
2016-11-11|BFM2|2 weeks before Black Friday// Thanksgiving
2016-11-11|HALL1|1 weeks after Halloween
2016-11-18|BFM1|1 weeks before Black Friday// Thanksgiving
2016-11-25|BF|Black Friday// Thanksgiving
2016-12-02|BF1|1 weeks after Black Friday// Thanksgiving
2016-12-02|XMASM3|3 weeks before Christmas
2016-12-09|XMASM3|3 weeks before Christmas
