Store_ID,Zipcode,Latitude,Longitude,County,City,State,Type,Gameplay,Grocery_Pickup,is_24_hours,Regal_Nails,Vision_Center,Wine,Food_court,Money_services,Car_services
1,30014,33.610894,-83.830151,Newton,Covington,GA,Supercenter,1,1,1,0,1,1,1,1,1
2,30265,33.39347,-84.74359,Coweta,Newnan,GA,Supercenter,0,0,1,0,1,1,0,1,1
3,30114,34.2555,-84.46136,Cherokee,Canton,GA,Supercenter,1,0,1,1,0,1,0,1,1
4,30680,33.98999,-83.75668,Barrow,Winder,GA,Supercenter,1,0,1,0,1,1,1,0,1
5,30046,33.9715,-83.9966,Gwinnett,Lawrenceville,GA,Supercenter,0,0,1,1,0,1,1,1,1
6,30188,34.08418,-84.48115,Cherokee,Woodstock,GA,Supercenter,0,1,1,0,0,1,1,1,1
7,30214,33.48123,-84.44322,Fayette,Fayetteville,GA,Supercenter,0,0,1,1,1,1,1,1,1
8,30121,34.20298,-84.78747,Bartow,Cartersville,GA,Supercenter,1,0,1,0,1,1,1,1,1
9,30141,33.8908,-84.75895,Paulding,Hiram,GA,Supercenter,1,0,1,1,0,1,1,1,0
10,30281,33.55323,-84.25535,Henry,Stockbridge,GA,Supercenter,1,0,1,1,0,1,0,1,1
11,30655,33.7983,-83.74219,Walton,Monroe,GA,Supercenter,0,0,1,0,1,1,1,1,1
12,30274,33.56245,-84.41031,Clayton,Riverdale,GA,Supercenter,0,0,0,1,0,1,1,1,1
13,30291,33.57322,-84.54133,Fulton,Union City,GA,Supercenter,0,0,1,1,1,1,1,1,1
14,30041,34.18385,-84.12908,Forsyth,Cumming,GA,Supercenter,0,0,1,1,0,1,0,1,1
15,30223,33.2724,-84.29671,Spalding,Griffin,GA,Supercenter,0,0,1,1,1,1,1,1,1
16,30066,34.01931,-84.5571,Cobb,Marietta,GA,Supercenter,0,1,1,1,1,1,1,1,1
17,80104,39.40628,-104.8608,Douglas,Castle Rock,CO,Supercenter,0,1,1,1,1,0,1,1,1
18,30260,33.5897,-84.34031,Clayton,Morrow,GA,Supercenter,0,0,1,1,0,1,1,1,1
19,30060,33.90996,-84.48861,Cobb,Marietta,GA,Supercenter,0,0,0,0,1,1,1,1,0
20,30087,33.82481,-84.12589,Dekalb,Stone Mountain,GA,Supercenter,0,1,1,1,1,1,1,1,1
21,80033,39.76626,-105.14,Jefferson,Wheat Ridge,CO,Neighborhood Market,0,0,0,0,0,0,0,0,1
22,80229,39.87631,-104.9862,Adams,Denver,CO,Supercenter,1,0,0,0,1,0,1,1,1
23,80130,39.5626,-104.911,Douglas,Littleton,CO,Supercenter,0,1,0,1,0,0,0,0,1
24,80123,39.6362,-105.0834,Jefferson,Littleton,CO,Supercenter,0,1,0,0,0,0,1,1,0
25,30519,34.0883,-83.99,Gwinnett,Buford,GA,Supercenter,0,0,1,0,1,1,1,0,1
26,30038,33.70053,-84.16698,Dekalb,Lithonia,GA,Supercenter,0,0,0,0,1,1,1,1,1
27,30047,33.90295,-84.11045,Gwinnett,Lilburn,GA,Supercenter,0,0,1,1,1,1,1,1,1
28,30134,33.7324,-84.7564,Douglas,Douglasville,GA,Supercenter,1,1,1,1,1,1,1,1,1
29,80012,39.70196,-104.8262,Arapahoe,Aurora,CO,Supercenter,0,1,0,0,0,0,1,1,0
30,30076,34.45275,-84.33355,Fulton,Roswell,GA,Supercenter,0,0,1,0,1,1,1,0,0
31,30106,33.85557,-84.58697,Cobb,Austell,GA,Supercenter,1,0,1,1,1,1,1,1,1
32,80601,39.96962,-104.8239,Adams,Brighton,CO,Supercenter,1,1,1,0,1,0,1,0,0
33,80015,39.61392,-104.8114,Arapahoe,Aurora,CO,Supercenter,1,0,0,1,0,0,1,1,1
34,30078,33.8864,-84.0083,Gwinnett,Snellville,GA,Supercenter,0,1,1,1,0,1,1,1,1
35,30062,34.02324,-84.42251,Cobb,Marietta,GA,Supercenter,0,0,0,0,1,1,1,0,0
36,80214,39.74267,-105.0794,Jefferson,Denver,CO,Supercenter,0,1,0,1,0,0,1,1,1
37,30096,33.97051,-84.1488,Gwinnett,Duluth,GA,Supercenter,0,0,1,0,0,1,1,1,1
38,80031,39.86812,-105.0567,Adams,Westminster,CO,Supercenter,1,1,0,0,0,0,1,1,1
39,30338,33.9333,-84.3332,Fulton,Atlanta,GA,Supercenter,0,0,0,1,1,1,1,1,0
40,30075,34.06147,-84.42188,Fulton,Roswell,GA,Neighborhood Market,0,0,0,0,1,1,1,0,0
41,30013,33.65286,-83.99665,Rockdale,Conyers,GA,Supercenter,0,0,1,1,1,1,0,1,1
42,30084,33.8561,-84.2055,Dekalb,Tucker,GA,Supercenter,0,0,0,0,1,1,1,0,1
43,30180,33.72011,-84.93486,Carroll,Villa Rica,GA,Supercenter,0,0,1,0,1,1,1,1,1
44,80110,39.65614,-104.9948,Arapahoe,Englewood,CO,Supercenter,1,1,0,0,1,0,1,1,0
45,80022,39.80447,-104.9281,Adams,Commerce City,CO,Supercenter,0,1,0,0,1,0,1,0,1
46,80134,39.51386,-104.7683,Douglas,Parker,CO,Supercenter,0,1,1,0,1,0,1,0,1
47,30004,34.09378,-84.27396,Fulton,Alpharetta,GA,Supercenter,0,1,0,1,1,1,1,1,1
48,30314,33.75544,-84.4134,Fulton,Atlanta,GA,Mart,0,0,0,0,0,1,0,1,0
49,80229,39.85496,-104.975,Adams,Denver,CO,Neighborhood Market,0,0,0,0,0,0,0,0,0
50,80004,39.81454,-105.1628,Jefferson,Arvada,CO,Neighborhood Market,0,0,0,0,0,0,0,0,1
51,80227,39.6551,-105.0541,Denver,Denver,CO,Neighborhood Market,0,1,0,0,0,0,1,1,0
52,30093,33.89515,-84.19534,Gwinnett,Norcross,GA,Mart,0,0,0,0,0,1,0,0,0
53,30064,33.92341,-84.57301,Cobb,Marietta,GA,Neighborhood Market,0,0,0,0,0,1,0,0,0
54,30062,33.98027,-84.46254,Cobb,Marietta,GA,Neighborhood Market,0,0,0,0,0,0,0,0,0
55,30360,33.94219,-84.27002,Dekalb,Atlanta,GA,Neighborhood Market,0,0,0,0,0,1,0,0,0
56,30084,33.88336,-84.21922,Dekalb,Tucker,GA,Neighborhood Market,0,0,0,0,0,1,0,0,0
57,30078,33.85314,-84.034,Gwinnett,Snellville,GA,Neighborhood Market,0,0,1,0,0,1,0,0,0
58,30044,33.92243,-84.08558,Gwinnett,Lawrenceville,GA,Neighborhood Market,0,0,1,0,0,1,0,0,0
59,30066,34.03293,-84.52672,Cobb,Marietta,GA,Neighborhood Market,0,0,1,0,0,1,0,0,0
60,30033,33.79233,-84.2895,Dekalb,Decatur,GA,Mart,0,0,0,0,0,0,1,0,0
61,80123,39.61056,-105.0349,Jefferson,Littleton,CO,Neighborhood Market,0,1,0,0,0,0,1,1,0
62,80015,39.62529,-104.7941,Arapahoe,Aurora,CO,Neighborhood Market,0,1,0,0,0,0,0,0,0
63,80239,39.7862,-104.8114,Denver,Denver,CO,Neighborhood Market,0,0,0,0,0,0,0,0,0
64,80231,39.6903,-104.8887,Denver,Denver,CO,Neighborhood Market,0,1,0,0,0,0,0,0,0
65,30009,34.06947,-84.29511,Fulton,Alpharetta,GA,Supercenter,0,1,0,1,1,1,1,1,1
66,30083,33.7999,-84.19546,Dekalb,Stone Mountain,GA,Mart,0,0,0,0,0,1,1,1,0
67,30253,33.43288,-84.18491,Henry,Mcdonough,GA,Supercenter,0,0,1,1,1,1,1,1,1
68,30122,33.7747,-84.60278,Douglas,Lithia Springs,GA,Supercenter,0,1,1,1,1,1,1,1,1
69,80112,39.59056,-104.8618,Arapahoe,Englewood,CO,Supercenter,0,1,1,1,1,0,1,0,1
70,30044,33.9371,-84.0263,Gwinnett,Lawrenceville,GA,Supercenter,0,0,1,1,1,1,1,1,1
71,30039,33.8074,-84.0467,Gwinnett,Snellville,GA,Supercenter,0,1,1,1,1,1,1,1,1
72,30349,33.58694,-84.47214,Fulton,Atlanta,GA,Supercenter,0,0,0,0,1,1,1,1,1
73,30281,33.50752,-84.23572,Henry,Stockbridge,GA,Supercenter,1,1,1,1,1,1,1,1,1
74,30157,33.93412,-84.72871,Paulding,Dallas,GA,Supercenter,1,1,1,1,1,1,1,1,1
75,30269,33.4007,-84.6,Fayette,Peachtree City,GA,Supercenter,1,1,1,1,1,1,1,1,1
76,30024,34.0368,-84.0507,Gwinnett,Suwanee,GA,Supercenter,0,1,1,0,1,1,1,1,1
77,30152,34.0285,-84.65804,Cobb,Kennesaw,GA,Supercenter,1,0,0,0,0,1,1,1,1
78,80207,39.76974,-104.8972,Denver,Denver,CO,Supercenter,0,1,0,1,1,0,1,1,1
79,80231,39.65185,-104.879,Denver,Denver,CO,Supercenter,0,1,0,1,1,0,1,1,1
80,30294,33.63629,-84.29301,Clayton,Ellenwood,GA,Supercenter,0,0,0,0,0,1,1,1,0
81,30064,33.86739,-84.63625,Cobb,Marietta,GA,Supercenter,0,0,1,0,1,0,1,1,0
82,30341,33.88764,-84.31092,Dekalb,Atlanta,GA,Supercenter,0,0,0,0,1,1,1,1,0
83,30316,33.71837,-84.31122,Fulton,Atlanta,GA,Supercenter,0,0,0,1,1,1,1,1,1
84,30032,33.7572,-84.2681,Dekalb,Decatur,GA,Supercenter,0,0,0,1,1,0,1,1,0
85,80015,39.64013,-104.7375,Arapahoe,Aurora,CO,Neighborhood Market,0,0,0,0,0,0,0,0,0
86,30331,33.72946,-84.50789,Fulton,Atlanta,GA,Supercenter,0,0,0,0,0,1,1,1,0
87,30101,34.04869,-84.69788,Cobb,Acworth,GA,Supercenter,0,0,1,0,1,1,1,1,0
88,30318,33.80308,-84.41166,Fulton,Atlanta,GA,Supercenter,0,0,0,0,1,1,1,1,0
89,30519,34.07838,-83.92192,Gwinnett,Buford,GA,Supercenter,1,1,1,0,1,1,1,1,1
90,80003,39.8253,-105.0565,Jefferson,Arvada,CO,Supercenter,0,1,0,0,1,0,1,1,0
91,80234,39.94031,-104.9905,Adams,Denver,CO,Supercenter,1,1,1,0,1,0,1,0,1
92,30534,34.35495,-84.04171,Dawson,Dawsonville,GA,Supercenter,1,0,1,1,1,1,1,1,1
93,30058,33.72347,-84.16651,Dekalb,Lithonia,GA,Neighborhood Market,0,0,0,0,1,1,1,1,1
94,30041,34.10025,-84.17392,Forsyth,Cumming,GA,Mart,0,1,0,0,1,1,1,0,0
95,80014,39.67352,-104.8114,Arapahoe,Aurora,CO,Neighborhood Market,0,0,0,0,0,0,0,0,0
96,80226,39.72233,-105.0804,Jefferson,Denver,CO,Supercenter,0,0,0,0,1,0,1,1,1
97,80020,39.91702,-105.0466,Boulder,Broomfield,CO,Supercenter,0,1,1,0,0,0,1,1,0
98,30004,34.1498,-84.2503,Fulton,Alpharetta,GA,Supercenter,0,1,0,0,1,1,1,1,1
99,30038,33.695,-84.08439,Dekalb,Lithonia,GA,Supercenter,0,0,0,0,0,1,1,1,0
100,30016,33.57717,-83.95922,Newton,Covington,GA,Supercenter,0,0,1,0,1,1,1,1,0
101,80602,39.93113,-104.9059,Adams,Brighton,CO,Supercenter,0,1,0,0,1,0,1,1,0
102,80233,39.8916,-104.9792,Adams,Denver,CO,Neighborhood Market,0,1,0,0,0,0,0,0,0
103,80127,39.60812,-105.1509,Jefferson,Littleton,CO,Supercenter,0,1,0,0,1,0,1,0,1
104,80016,39.6062,-104.705,Arapahoe,Aurora,CO,Supercenter,1,1,1,0,1,0,1,1,1
105,30052,33.84099,-83.91114,Gwinnett,Loganville,GA,Supercenter,1,1,1,1,1,1,0,1,1
106,30189,34.1129,-84.58359,Cherokee,Woodstock,GA,Supercenter,0,0,1,0,1,1,1,1,1
107,80011,39.76144,-104.7734,Adams,Aurora,CO,Supercenter,0,1,0,0,1,0,1,1,1
108,80021,39.92587,-105.1362,Jefferson,Broomfield,CO,Supercenter,0,1,1,0,1,0,1,1,1
109,30250,33.4426,-84.3256,Clayton,Lovejoy,GA,Supercenter,1,1,1,1,0,1,1,1,1
110,30060,33.94577,-84.52161,Cobb,Marietta,GA,Supercenter,0,0,1,1,1,1,1,1,1
111,80219,39.67764,-105.0213,Denver,Denver,CO,Mart,0,1,0,0,0,0,0,0,0
112,30248,33.35814,-84.12055,Henry,Locust Grove,GA,Supercenter,0,0,1,0,1,1,1,1,0
113,30115,34.1865,-84.5048,Cherokee,Canton,GA,Mart,0,0,1,0,1,1,1,1,0
114,30008,33.88262,-84.58669,Cobb,Marietta,GA,Neighborhood Market,0,0,0,0,0,1,0,0,0
115,80212,39.77923,-105.0613,Denver,Denver,CO,Mart,0,1,0,0,1,0,1,0,0
116,80030,39.82652,-105.0235,Adams,Westminster,CO,Neighborhood Market,0,0,0,0,0,0,0,0,0
117,80010,39.73926,-104.8675,Arapahoe,Aurora,CO,Neighborhood Market,0,0,0,0,0,0,0,0,0
118,30344,33.67836,-84.41652,Fulton,Atlanta,GA,Mart,0,0,0,0,1,0,1,1,0
